size (bytes),iterations,min_time (seconds),max_time (seconds),avg_time (seconds)
0,1048576,2.0347839800835108e-5,2.039869954586095e-5,2.0389447477757828e-5
1,1048576,2.0249183599470878e-5,2.0292334351543432e-5,2.0283506704449587e-5
2,1048576,2.0281510533336077e-5,2.0326035482405224e-5,2.0316950512886312e-5
4,1048576,2.0569528463372237e-5,2.0619058888440755e-5,2.0610054455222904e-5
8,1048576,2.035152633763272e-5,2.0396591165539467e-5,2.0387443600297567e-5
16,1048576,2.0460958518018338e-5,2.0508333876605265e-5,2.049898885386895e-5
32,1048576,2.2207441034309956e-5,2.2269003616330135e-5,2.2257311070499174e-5
64,1048576,2.381693737315302e-5,2.385359329701745e-5,2.384514655619477e-5
128,1048576,2.5449307369219303e-5,2.5461425697322342e-5,2.5455815508544235e-5
256,1048576,2.976420806312098e-5,2.977521111487594e-5,2.9768703975197743e-5
512,1048576,3.1311533401479465e-5,3.132849414539524e-5,3.1318999868156804e-5
1024,1048576,3.393240139482333e-5,3.39549506836009e-5,3.3945960405832595e-5
2048,524288,4.2876266571045905e-5,4.2887671234068244e-5,4.288038751507558e-5
4096,262144,5.537934390634279e-5,5.539112275693039e-5,5.5386190856927e-5
8192,131072,7.045004212945108e-5,7.046177639775768e-5,7.045675271460656e-5
16384,65536,0.0001083465041351447,0.00010835838221733354,0.0001083539109001074
32768,32768,0.00016076378836062284,0.00016078769601423314,0.00016078277622605386
65536,16384,0.00031214539172364636,0.0003121682382813719,0.0003121608496208562
131072,8192,0.000682856152832069,0.0006828847312008723,0.0006828701232605015
262144,4096,0.0012462988637692574,0.0012463086791981992,0.0012463030601195836
524288,2048,0.002307704529784821,0.002307729750977039,0.002307718120056035
1048576,1024,0.004407624831055668,0.00440771206152496,0.004407677079162727
