size (bytes),iterations,min_time (seconds),max_time (seconds),avg_time (seconds)
0,1048576,7.111383760452397e-6,7.115071948051681e-6,7.114699623763652e-6
1,1048576,7.287221641540572e-6,7.290891207696081e-6,7.290472663283193e-6
2,1048576,7.298107594490816e-6,7.3020058288586315e-6,7.301525649666891e-6
4,1048576,7.4939129762657015e-6,7.4979265966397955e-6,7.497478012204258e-6
8,1048576,7.398186289786808e-6,7.402407373432596e-6,7.401901737570025e-6
16,1048576,7.522075443271354e-6,7.525957751274576e-6,7.525498400688384e-6
32,1048576,7.664273424148645e-6,7.668373328207847e-6,7.667753981170885e-6
64,1048576,8.715871496198158e-6,8.720110112194527e-6,8.719472134173536e-6
128,1048576,1.0474934369084581e-5,1.0479327033993614e-5,1.0478727279066615e-5
256,1048576,1.0997799725525795e-5,1.1003026832584863e-5,1.100224971008428e-5
512,1048576,1.2184210789677939e-5,1.2189477496138944e-5,1.2188569524941624e-5
1024,1048576,1.3128944186209537e-5,1.3134225604051404e-5,1.3133111345409697e-5
2048,524288,1.5345107051839232e-5,1.5349971618654922e-5,1.5348785591596837e-5
4096,262144,2.2140768154147253e-5,2.2152012119293254e-5,2.2148142174007998e-5
8192,131072,4.37778856887959e-5,4.378766945647701e-5,4.3784037045005504e-5
16384,65536,7.902431033327906e-5,7.903170370484507e-5,7.902787595841427e-5
32768,32768,0.00015529601434327838,0.00015530578298951492,0.00015530137926863722
65536,16384,0.0003246704338377548,0.00032468607202158946,0.00032467890381619616
131072,8192,0.0006837702562256624,0.0006837919133299251,0.000683780619209286
262144,4096,0.0013335972006834965,0.0013336339567873168,0.0013336133435059008
524288,2048,0.0026449157006842305,0.0026450709951170437,0.0026450402286071224
1048576,1024,0.004785416568358958,0.004785880374022694,0.004785829086486736
